mode,pressure,temperature,humidity,accel_x,accel_y,accel_z,mag_x,mag_y,mag_z
recorded,965.47,29.67,48.80,8.97,-80.58,1018.94,-124.50,231.00,-457.50
recorded,965.44,29.55,49.12,21.84,-72.29,1019.19,-91.50,231.00,-460.50
recorded,965.44,29.49,51.31,-11.35,-76.13,1021.20,-117.00,232.50,-448.50
recorded,965.45,29.45,50.96,-11.28,-75.64,1021.99,-118.50,229.50,-463.50
recorded,965.44,29.43,50.84,-11.41,-75.40,1021.93,-127.50,234.00,-448.50
recorded,965.46,29.40,50.55,-11.35,-74.91,1021.69,-121.50,234.00,-447.00
recorded,965.45,29.38,50.29,-11.35,-75.21,1022.42,-126.00,232.50,-450.00
recorded,965.43,29.33,50.18,-11.47,-75.33,1021.75,-124.50,229.50,-451.50
recorded,965.46,29.33,50.11,-12.08,-79.00,1022.12,-120.00,234.00,-450.00
recorded,965.44,29.29,50.06,-12.32,-79.54,1021.93,-120.00,232.50,-448.50
recorded,965.45,29.28,50.04,-12.44,-79.79,1020.96,-120.00,231.00,-453.00
recorded,965.45,29.26,49.95,-12.44,-79.85,1021.63,-120.00,232.50,-447.00
recorded,965.45,29.27,50.00,-12.44,-79.79,1021.75,-123.00,226.50,-442.50
recorded,965.43,29.22,49.99,-12.51,-79.85,1021.38,-124.50,234.00,-448.50
recorded,965.43,29.23,50.05,-12.44,-79.79,1021.08,-127.50,231.00,-445.50
recorded,965.43,29.20,49.91,-12.44,-79.79,1021.14,-121.50,231.00,-454.50
recorded,965.40,29.22,49.88,-12.44,-79.85,1021.87,-120.00,234.00,-450.00
recorded,965.45,29.20,49.93,-12.26,-79.73,1021.32,-112.50,237.00,-445.50
recorded,965.45,29.19,49.90,-12.26,-79.61,1021.45,-124.50,238.50,-457.50
recorded,965.43,29.20,50.06,-12.32,-79.61,1021.75,-121.50,232.50,-444.00
recorded,965.44,29.15,50.14,-12.38,-79.54,1020.41,-120.00,226.50,-430.50
recorded,965.46,29.14,50.14,-12.38,-79.54,1021.14,-118.50,220.50,-432.00
recorded,965.43,29.07,50.24,-12.26,-79.61,1019.86,-127.50,222.00,-414.00
recorded,965.41,29.01,50.18,-12.44,-79.67,1018.70,-129.00,213.00,-417.00
recorded,965.44,29.05,50.28,-12.32,-79.54,1021.08,-127.50,211.50,-415.50
recorded,965.45,29.00,50.50,-12.38,-79.54,1020.35,-124.50,217.50,-411.00
recorded,965.43,28.95,50.68,-12.44,-79.48,1019.74,-129.00,213.00,-412.50
recorded,965.46,28.89,50.72,-12.44,-79.48,1019.19,-124.50,213.00,-411.00
recorded,965.44,28.89,50.89,-12.51,-79.36,1019.92,-124.50,207.00,-409.50
recorded,965.43,28.84,50.93,-12.51,-79.30,1019.55,-133.50,216.00,-414.00
recorded,965.42,28.82,50.86,-12.32,-79.36,1019.43,-129.00,213.00,-406.50
recorded,965.42,28.82,50.86,-12.26,-79.24,1020.35,-126.00,217.50,-406.50
recorded,965.43,28.83,51.03,-12.32,-79.18,1021.02,-132.00,219.00,-409.50
recorded,965.41,28.81,50.89,-12.32,-79.24,1020.29,-133.50,213.00,-408.00
recorded,965.40,28.81,50.98,-12.38,-79.18,1020.77,-129.00,217.50,-411.00
recorded,965.40,28.80,50.98,-12.32,-79.18,1020.65,-130.50,216.00,-408.00
recorded,965.43,28.78,50.84,-12.32,-79.18,1019.98,-133.50,208.50,-406.50
recorded,965.44,28.80,50.65,-12.32,-79.12,1020.84,-132.00,211.50,-411.00
recorded,965.44,28.79,50.66,-12.38,-79.00,1021.14,-135.00,213.00,-406.50
recorded,965.45,28.78,50.75,-12.32,-78.87,1020.77,-136.50,214.50,-414.00
recorded,965.43,28.82,50.69,-12.26,-78.81,1022.24,-138.00,211.50,-408.00
recorded,965.45,28.82,50.74,-12.20,-78.81,1022.05,-136.50,219.00,-403.50
recorded,965.43,28.82,50.71,-12.26,-78.81,1021.63,-129.00,216.00,-406.50
recorded,965.40,28.81,50.58,-12.32,-78.75,1020.96,-130.50,217.50,-406.50
recorded,965.44,28.80,50.55,-12.20,-78.69,1021.08,-126.00,219.00,-406.50
recorded,965.48,28.84,50.62,-12.20,-78.57,1021.20,-132.00,214.50,-405.00
recorded,965.44,28.79,50.75,-12.26,-78.81,1019.74,-127.50,217.50,-417.00
recorded,965.40,28.78,50.90,-12.08,-78.69,1021.08,-130.50,213.00,-412.50
recorded,965.42,28.78,50.89,-12.14,-78.75,1020.59,-133.50,216.00,-418.50
recorded,965.41,28.78,50.84,-12.14,-78.63,1021.14,-123.00,216.00,-412.50
recorded,965.44,28.75,50.81,-12.14,-78.57,1021.14,-130.50,216.00,-409.50
recorded,965.44,28.75,50.93,-12.20,-78.57,1019.92,-129.00,213.00,-411.00
recorded,965.46,28.75,51.05,-12.20,-78.45,1020.84,-130.50,216.00,-408.00
recorded,965.46,28.78,51.02,-12.20,-78.39,1021.81,-129.00,210.00,-408.00
recorded,965.41,28.76,50.95,-12.20,-78.32,1021.02,-126.00,210.00,-402.00
recorded,965.41,28.75,50.88,-12.26,-78.39,1021.02,-132.00,210.00,-412.50
recorded,965.44,28.75,50.81,-12.20,-78.26,1021.57,-130.50,217.50,-411.00
recorded,965.42,28.80,50.65,-12.20,-78.26,1021.87,-136.50,214.50,-409.50
recorded,965.43,28.79,50.70,-12.14,-78.32,1021.45,-123.00,220.50,-418.50
